Type,Description,Data,TT,SMS,Validity,Amount
Unlimited,Unlimited call + 100 SMS per day + Daily Data Limts,2.5GB,Unlimited,100/Day,28,399
Unlimited,Unlimited call + 100 SMS per day + Daily Data Limts,2.5GB,Unlimited,100/Day,84,599
Unlimited,Unlimited call + 100 SMS per day + Daily Data Limts,2.5GB,Unlimited,100/Day,355,1299
Unlimited,Unlimited call + 100 SMS per day + Daily Data Limts,1.5GB,Unlimited,100/Day,28,299
Unlimited,Unlimited call + 100 SMS per day + Daily Data Limts,1.5GB,Unlimited,100/Day,84,499
Unlimited,Unlimited call + 100 SMS per day + Daily Data Limts,1.5GB,Unlimited,100/Day,355,1099
Limited,Unlimited call + 100 SMS per day + 24GB,24 GB,Unlimited,100/Day,28,399
Limited,Unlimited call + 100 SMS per day + 15GB,15 GB,Unlimited,100/Day,28,399
Limited,100 Rs Talktime + 1.00/SMS + 3 GB Data,Existing,Existing,Existing,Existing,199
